Workbook
Name Pot: 'Options'!$A$2:$A$23
Name Jack: 'Options'!$B$2:$B$13
Name LED: 'Options'!$C$2:$C$13
Name Button: 'Options'!$D$2:$D$17
Name Switch: 'Options'!$E$2:$E$13
Name Standoff: 'Options'!$F$2:$F$7
Name Connector: 'Options'!$G$2:$G$7
Name Silk: 'Options'!$H$2:$H$2

Sheet Coordinates
A1: Ref | B1: Display Name | C1: X | D1: Y | E1: Component Type | F1: Subtype | G1: KiCad Symbol | H1: Notes
A2: =IF(E2="","",IFERROR(CHOOSE(MATCH(E2,{"Pot","Jack","LED","Button","Switch","Standoff","Connector","Silk"},0),"POT","J","LED","BUT","SW","H","J",""),"")&TEXT(COUNTIF($E$2:E2,E2),"00")) | G2: =IFERROR(VLOOKUP(F2,SymbolLookup!$A:$B,2,0),"")
A3: =IF(E3="","",IFERROR(CHOOSE(MATCH(E3,{"Pot","Jack","LED","Button","Switch","Standoff","Connector","Silk"},0),"POT","J","LED","BUT","SW","H","J",""),"")&TEXT(COUNTIF($E$2:E3,E3),"00")) | G3: =IFERROR(VLOOKUP(F3,SymbolLookup!$A:$B,2,0),"")
A4: =IF(E4="","",IFERROR(CHOOSE(MATCH(E4,{"Pot","Jack","LED","Button","Switch","Standoff","Connector","Silk"},0),"POT","J","LED","BUT","SW","H","J",""),"")&TEXT(COUNTIF($E$2:E4,E4),"00")) | G4: =IFERROR(VLOOKUP(F4,SymbolLookup!$A:$B,2,0),"")
A5: =IF(E5="","",IFERROR(CHOOSE(MATCH(E5,{"Pot","Jack","LED","Button","Switch","Standoff","Connector","Silk"},0),"POT","J","LED","BUT","SW","H","J",""),"")&TEXT(COUNTIF($E$2:E5,E5),"00")) | G5: =IFERROR(VLOOKUP(F5,SymbolLookup!$A:$B,2,0),"")
A6: =IF(E6="","",IFERROR(CHOOSE(MATCH(E6,{"Pot","Jack","LED","Button","Switch","Standoff","Connector","Silk"},0),"POT","J","LED","BUT","SW","H","J",""),"")&TEXT(COUNTIF($E$2:E6,E6),"00")) | G6: =IFERROR(VLOOKUP(F6,SymbolLookup!$A:$B,2,0),"")
A7: =IF(E7="","",IFERROR(CHOOSE(MATCH(E7,{"Pot","Jack","LED","Button","Switch","Standoff","Connector","Silk"},0),"POT","J","LED","BUT","SW","H","J",""),"")&TEXT(COUNTIF($E$2:E7,E7),"00")) | G7: =IFERROR(VLOOKUP(F7,SymbolLookup!$A:$B,2,0),"")
A8: =IF(E8="","",IFERROR(CHOOSE(MATCH(E8,{"Pot","Jack","LED","Button","Switch","Standoff","Connector","Silk"},0),"POT","J","LED","BUT","SW","H","J",""),"")&TEXT(COUNTIF($E$2:E8,E8),"00")) | G8: =IFERROR(VLOOKUP(F8,SymbolLookup!$A:$B,2,0),"")
A9: =IF(E9="","",IFERROR(CHOOSE(MATCH(E9,{"Pot","Jack","LED","Button","Switch","Standoff","Connector","Silk"},0),"POT","J","LED","BUT","SW","H","J",""),"")&TEXT(COUNTIF($E$2:E9,E9),"00")) | G9: =IFERROR(VLOOKUP(F9,SymbolLookup!$A:$B,2,0),"")
A10: =IF(E10="","",IFERROR(CHOOSE(MATCH(E10,{"Pot","Jack","LED","Button","Switch","Standoff","Connector","Silk"},0),"POT","J","LED","BUT","SW","H","J",""),"")&TEXT(COUNTIF($E$2:E10,E10),"00")) | G10: =IFERROR(VLOOKUP(F10,SymbolLookup!$A:$B,2,0),"")
A11: =IF(E11="","",IFERROR(CHOOSE(MATCH(E11,{"Pot","Jack","LED","Button","Switch","Standoff","Connector","Silk"},0),"POT","J","LED","BUT","SW","H","J",""),"")&TEXT(COUNTIF($E$2:E11,E11),"00")) | G11: =IFERROR(VLOOKUP(F11,SymbolLookup!$A:$B,2,0),"")
A12: =IF(E12="","",IFERROR(CHOOSE(MATCH(E12,{"Pot","Jack","LED","Button","Switch","Standoff","Connector","Silk"},0),"POT","J","LED","BUT","SW","H","J",""),"")&TEXT(COUNTIF($E$2:E12,E12),"00")) | G12: =IFERROR(VLOOKUP(F12,SymbolLookup!$A:$B,2,0),"")
A13: =IF(E13="","",IFERROR(CHOOSE(MATCH(E13,{"Pot","Jack","LED","Button","Switch","Standoff","Connector","Silk"},0),"POT","J","LED","BUT","SW","H","J",""),"")&TEXT(COUNTIF($E$2:E13,E13),"00")) | G13: =IFERROR(VLOOKUP(F13,SymbolLookup!$A:$B,2,0),"")
... A51: =IF(E51="","",IFERROR(CHOOSE(MATCH(E51,{"Pot","Jack","LED","Button","Switch","Standoff","Connector","Silk"},0),"POT","J","LED","BUT","SW","H","J",""),"")&TEXT(COUNTIF($E$2:E51,E51),"00")) | G51: =IFERROR(VLOOKUP(F51,SymbolLookup!$A:$B,2,0),"")

Sheet Options
A1: Pot | B1: Jack | C1: LED | D1: Button | E1: Switch | F1: Standoff | G1: Connector | H1: Silk
A2: 16mm No Detent 10k | B2: 3.5mm Mono Switched | C2: RGB PLCC4 | D2: RGB 7mm Cap | E2: Toggle SPDT Sub-Mini 3-pos | F2: M3x10mm Hex WA-SNTI | G2: USB-C Molex 2171790001 | H2: Silkscreen Label
A3: 16mm No Detent 100k | B3: 3.5mm Mono Switched sm | C3: RGB Right Angle | D3: RGB 5.4mm Cap | E3: Toggle SPDT Sub-Mini 2-pos | F3: M3x6mm Hex WA-SNTI | G3: USB-C AdamTech
A4: 16mm Center Detent 10k | B4: 3.5mm Mono Switched SymSmall | C4: Blue 0603 | D4: RGB 9mm Cap | E4: Encoder Rotary 11mm D-Shaft | F4: M3x15mm Hex WA-SNTI | G4: USB-C GCT USB4730
A5: 16mm 21-Detent 10k | B5: 3.5mm Stereo | C5: Red 0603 | D5: DPDT Orange Latching | E5: Encoder Rotary 11mm PEC11R | F5: Mounting Post Base Support | G5: USB Micro B
A6: 9mm No Detent 100k Knurled | B6: 3.5mm Stereo sm | C6: White 0603 | D6: DPDT White Momentary | E6: Encoder Rotary 12mm 24-Det | F6: Nylon Spacer 11mm | G6: microSD Vertical TH
A7: 9mm Center Detent 100k Knurled | B7: 3.5mm Stereo SymSmall | C7: Green 0603 | D7: PKS-01L-X | E7: Rocker 4-pin | F7: Mounting Hole M3 (no pad) | G7: microSD SMT
A8: 9mm No Detent 10k D-Shaft | B8: 3.5mm Stereo SMT Right Angle | C8: Yellow 0603 | D8: PKS-01 Black | E8: Rocker 3-pin
A9: 9mm Center Detent 10k D-Shaft | B9: 3.5mm Stereo Switched | C9: Dual SMD 4-pin | D9: PB20B | E9: DIP 2-pos
A10: Slider LED 20mm 100k | B10: 1/4in Stereo | C10: Red 3mm TH | D10: TL1105SPF Tactile SMT | E10: DIP 3-pos
A11: Slider LED 30mm 10k | B11: Barrel 2.0mm PJ064 | C11: White 3mm TH | D11: TL1105JAF RA with Cap | E11: Rotary 3-pos 6-pin
A12: Slider Top-Up 60mm | B12: Barrel 2.1mm Right Angle | C12: Green 5mm TH | D12: PTS526 SMT Tactile | E12: Slide SPST
A13: TrimPot T73YE 10k | B13: MIDI DIN5 | C13: Blue 3mm TH | D13: PTS810 | E13: Slide DPDT
A14: TrimPot T73YE 100k | D14: B3F-4055
A15: TrimPot T73YE 1k | D15: 1TS009A
A16: TrimPot TC33X 100R | D16: SPST Momentary TS21
A17: TrimPot TC33X 200R | D17: Tactile Pins 1+3 Shorted
A18: TrimPot TC33X 1k
A19: TrimPot TC33X 10k
A20: TrimPot TC33X 20k
A21: TrimPot TC33X 50k
A22: TrimPot TC33X 100k
A23: TrimPot TC33X DNP

Sheet SymbolLookup
A1: Subtype | B1: KiCad Symbol
A2: 16mm No Detent 10k | B2: 4ms_Potentiometer:16mm_NoDet_10k
A3: 16mm No Detent 100k | B3: 4ms_Potentiometer:16mm_NoDet_100k
A4: 16mm Center Detent 10k | B4: 4ms_Potentiometer:16mm_CtrDet_10k
A5: 16mm 21-Detent 10k | B5: 4ms_Potentiometer:16mm_21Det_10k
A6: 9mm No Detent 100k Knurled | B6: 4ms_Potentiometer:9mm_NoDet_100k_Knurled_Lined
A7: 9mm Center Detent 100k Knurled | B7: 4ms_Potentiometer:9mm_CtrDet_100k_Knurled_Lined
A8: 9mm No Detent 10k D-Shaft | B8: 4ms_Potentiometer:9mm_NoDet_10k_DShaft
A9: 9mm Center Detent 10k D-Shaft | B9: 4ms_Potentiometer:9mm_CtrDet_10k_DShaft
A10: Slider LED 20mm 100k | B10: 4ms_Potentiometer:Pot_Slider_LED_20mm_100K
A11: Slider LED 30mm 10k | B11: 4ms_Potentiometer:Pot_Slider_LED_30mm_10K
A12: Slider Top-Up 60mm | B12: 4ms_Potentiometer:Pot_Slider_Top-Up_60RFT2-B
... A87: microSD SMT | B87: 4ms_Connector:microSDCon_SMT_104031-0811
A88: Silkscreen Label
